nome_completo,data_nascimento,email,data_criacao

Martha Rivas,1997-07-11,williamskathryn@example.org,2023-07-02

Valerie Barrett,1992-09-09,wcarroll@example.com,2021-09-30

Kimberly Fritz,1998-08-22,amberowens@example.org,2022-05-11

Spencer Stephens,1941-05-29,omyers@example.net,2022-03-30

Brandon Donaldson,1999-10-19,bross@example.net,2023-04-29

Nathan Burns,1941-04-19,gary52@example.org,2021-08-23

Douglas Peters,1941-02-23,lisawolfe@example.net,2022-04-01

Lori Hudson,2004-09-24,lrodriguez@example.net,2023-02-28

Rita Orozco,1959-10-10,lwalton@example.org,2021-10-23

Kristine Davis,1967-12-07,nicole21@example.net,2022-08-30

David Nichols,2002-02-10,johnsonlawrence@example.com,2022-08-26

Anna Wu,1996-08-14,sullivancharles@example.com,2022-11-20

Mindy Baker,1977-05-12,nking@example.net,2023-05-30

Barbara Villegas,1957-07-20,weeksdaniel@example.net,2022-10-20

Patrick Alexander,1988-01-30,elewis@example.org,2022-05-13

Richard Moore,1950-11-01,ericamelendez@example.com,2023-04-16

Natalie Beck,1937-07-18,brady94@example.org,2021-07-29

Jessica Johnson,1980-11-13,jessicamartinez@example.net,2023-02-12

Richard Finley,2005-03-29,kristin60@example.org,2023-06-14

Sarah Elliott,1992-12-12,dianacarter@example.org,2022-04-05

Donald Thompson,1983-05-06,howecody@example.com,2023-05-25

Samantha Weaver,1963-10-31,joshua20@example.net,2023-03-11

Kelly Grant,1950-03-08,scottthomas@example.net,2023-03-09

Dominic Wells,1963-10-15,jessemorgan@example.com,2022-09-22

Andrea Martinez,1942-10-02,margaret38@example.org,2023-07-02

Jody Perkins,1982-08-16,april69@example.com,2023-07-08

Brittney James,1953-12-29,uharris@example.org,2023-04-30

Rebecca Osborne,1979-03-21,richardsanchez@example.net,2021-07-22

Kenneth Brooks,1996-07-18,grantwilliams@example.net,2022-08-12

James Tyler,1999-06-18,sloanlaura@example.net,2022-11-10

Danielle Mathews,1961-06-16,ryanernest@example.org,2021-07-14

Ronald Perez,1964-04-08,christophernovak@example.net,2022-05-24

Holly Lopez,1945-06-27,anthony75@example.net,2023-06-20

Lynn Larson,2005-05-19,qrichards@example.org,2023-01-06

Donna Williams,1942-03-13,gibbsjohnathan@example.com,2021-12-31

Linda Smith,1960-04-07,nmiller@example.org,2022-03-16

Stephanie Thomas,1960-10-19,albert25@example.com,2021-08-13

William Thompson,2001-07-15,lesliecaldwell@example.com,2021-08-21

Rachel Strickland,1966-03-11,lcollins@example.org,2022-10-02

Luis Kerr,1960-09-16,peterberger@example.net,2022-11-12

Adrienne Hunt,1998-08-01,andrew64@example.com,2023-01-23

Gregory Kim,1985-06-15,kelsey73@example.net,2022-11-08

Crystal Wallace,1995-10-11,christopher26@example.org,2022-08-07

Steven Campbell,1985-06-20,mbullock@example.com,2023-02-03

Christopher Rodgers,1986-02-07,martinezaaron@example.com,2022-06-11

Chad Rivera,1951-05-24,beasleyashley@example.com,2022-01-01

Max Patterson,1964-04-10,taylormartinez@example.net,2022-09-19

Jerry Cannon,2001-07-05,iweaver@example.com,2022-09-23

Michelle Barajas,1964-05-02,jamesmegan@example.org,2022-06-24

Jennifer Cuevas,1992-11-14,jamesdiaz@example.net,2022-01-01

